game,score,steps,duration_sec,reason
1,0,640,5.635,hunger
2,0,640,5.559,hunger
3,28,4975,42.93,hunger
4,0,640,5.568,hunger
5,0,640,5.539,hunger
6,0,640,5.532,hunger
7,0,640,5.527,hunger
8,0,640,5.553,hunger
9,5,829,7.168,hunger
10,1,642,5.563,hunger
11,0,640,5.559,hunger
12,0,640,5.544,hunger
13,0,640,5.533,hunger
14,1,1233,10.681,hunger
15,0,640,5.531,hunger
16,17,3553,30.799,wall
17,0,640,5.531,hunger
18,0,640,5.539,hunger
19,0,640,5.542,hunger
20,4,1227,10.638,hunger
21,1,1217,10.525,hunger
22,0,640,5.54,hunger
23,1,662,5.721,hunger
24,11,2237,19.363,hunger
25,0,640,5.541,hunger
26,0,640,5.552,hunger
27,0,640,5.536,hunger
28,9,2573,22.291,hunger
29,0,640,5.561,hunger
30,0,640,5.56,hunger
31,8,1480,12.832,hunger
32,5,2390,20.707,hunger
33,0,640,5.539,hunger
34,1,670,5.822,hunger
35,1,662,5.74,hunger
36,0,640,5.536,hunger
37,1,1227,10.638,hunger
38,1,652,5.643,hunger
39,16,2232,20.472,self
40,0,640,5.918,hunger
41,4,1449,13.348,hunger
42,1,649,5.95,hunger
43,0,640,5.925,hunger
44,0,640,5.924,hunger
45,0,640,5.891,hunger
46,0,640,5.9,hunger
47,1,662,6.116,hunger
48,0,640,5.918,hunger
49,0,640,5.917,hunger
50,0,640,5.904,hunger
51,0,640,5.897,hunger
52,0,640,5.904,hunger
53,0,640,5.931,hunger
54,0,640,5.893,hunger
55,0,640,5.923,hunger
56,21,1939,17.93,self
57,0,640,5.904,hunger
58,7,1848,17.083,hunger
59,0,640,5.889,hunger
60,0,640,5.879,hunger
61,0,640,5.924,hunger
62,0,640,5.907,hunger
63,0,640,5.891,hunger
64,0,640,5.903,hunger
65,0,640,5.924,hunger
66,0,640,5.912,hunger
67,0,640,5.906,hunger
68,2,880,8.132,hunger
69,0,640,5.899,hunger
70,0,640,5.904,hunger
71,1,657,6.056,hunger
72,0,640,5.912,hunger
73,0,640,5.931,hunger
74,0,640,5.895,hunger
75,0,640,5.905,hunger
76,3,1492,13.817,hunger
77,2,816,7.523,hunger
78,0,640,5.896,hunger
79,0,640,5.886,hunger
80,0,640,5.915,hunger
81,0,640,5.901,hunger
82,1,1217,11.24,hunger
83,1,1215,11.218,hunger
84,0,640,5.903,hunger
85,2,665,6.165,hunger
86,0,640,5.903,hunger
87,0,640,5.903,hunger
88,0,640,5.891,hunger
89,0,640,5.924,hunger
90,1,649,5.983,hunger
91,1,656,6.099,hunger
92,1,641,5.915,hunger
93,0,640,5.922,hunger
94,0,640,5.899,hunger
95,0,640,5.932,hunger
96,0,640,5.914,hunger
97,0,640,5.921,hunger
98,3,1047,9.665,hunger
99,7,1370,12.618,hunger
100,0,640,5.913,hunger
101,0,640,5.912,hunger
102,0,640,5.901,hunger
103,0,640,5.907,hunger
104,0,640,5.893,hunger
105,1,1230,11.315,hunger
106,0,640,5.88,hunger
107,7,1069,9.781,hunger
108,1,1237,11.408,hunger
109,1,645,5.923,hunger
110,0,640,5.869,hunger
111,0,640,5.854,hunger
112,3,1565,14.358,hunger
113,0,640,5.871,hunger
114,1,655,5.969,hunger
115,0,640,5.863,hunger
116,0,640,5.86,hunger
117,0,640,5.863,hunger
118,0,640,5.867,hunger
119,0,640,5.825,hunger
120,17,3234,29.062,hunger
121,0,640,5.729,hunger
122,0,640,5.727,hunger
123,1,661,5.889,hunger
124,0,640,5.691,hunger
125,11,1426,12.558,hunger
126,0,640,5.66,hunger
127,6,1601,14.093,hunger
128,3,937,8.241,hunger
129,0,640,5.61,hunger
130,0,640,5.523,hunger
131,0,640,5.477,hunger
132,0,640,5.517,hunger
133,1,655,5.914,hunger
134,7,973,8.352,hunger
135,10,2675,22.829,self
136,1,1143,9.745,hunger
137,2,664,5.679,hunger
138,0,640,5.456,hunger
139,0,640,5.602,hunger
140,4,1221,10.685,hunger
141,0,640,5.549,hunger
142,0,640,5.551,hunger
143,15,2517,21.605,hunger
144,0,640,5.474,hunger
145,0,640,5.449,hunger
146,1,1237,10.576,hunger
147,0,640,5.503,hunger
148,0,640,5.483,hunger
149,3,1954,16.699,hunger
150,1,1203,10.304,hunger
151,0,640,5.444,hunger
152,0,640,5.472,hunger
153,0,640,5.476,hunger
154,0,640,5.456,hunger
155,2,732,6.231,hunger
156,0,640,5.464,hunger
157,1,1197,10.38,hunger
158,5,1379,11.771,hunger
159,0,640,5.438,hunger
160,0,640,5.462,hunger
161,0,640,5.487,hunger
162,0,640,5.638,hunger
163,0,640,5.503,hunger
164,0,640,5.498,hunger
165,0,640,5.513,hunger
166,0,640,5.761,hunger
167,0,640,5.553,hunger
168,3,710,6.49,hunger
169,1,1250,10.96,hunger
170,0,640,5.477,hunger
171,0,640,5.613,hunger
172,1,657,5.623,hunger
173,0,640,5.478,hunger
174,7,1519,13.044,hunger
175,0,640,5.518,hunger
176,0,640,5.533,hunger
177,0,640,5.493,hunger
178,0,640,5.455,hunger
179,0,640,5.475,hunger
180,0,640,5.477,hunger
181,0,640,5.475,hunger
182,0,640,5.541,hunger
183,1,651,5.735,hunger
184,5,1657,14.303,hunger
185,0,640,5.485,hunger
186,4,1118,9.6,hunger
187,0,640,5.48,hunger
188,0,640,5.479,hunger
189,0,640,5.46,hunger
190,3,1893,16.242,hunger
191,0,640,5.442,hunger
192,5,1265,10.813,hunger
193,0,640,5.525,hunger
194,1,1224,10.433,hunger
195,0,640,5.429,hunger
196,1,661,5.704,hunger
197,0,640,5.47,hunger
198,5,1410,11.96,hunger
199,0,640,5.431,hunger
200,11,2262,19.305,hunger
201,0,640,5.43,hunger
202,0,640,5.437,hunger
203,0,640,5.494,hunger
204,0,640,5.476,hunger
205,0,640,5.474,hunger
206,1,655,5.552,hunger
207,3,1064,9.142,hunger
208,0,640,5.465,hunger
209,3,854,7.408,hunger
210,0,640,5.623,hunger
211,20,3676,31.269,self
212,0,640,5.501,hunger
213,0,640,5.418,hunger
214,0,640,5.557,hunger
215,0,640,5.598,hunger
216,1,1261,11.304,hunger
217,1,1113,9.645,hunger
218,0,640,7.558,hunger
219,0,640,5.428,hunger
220,0,640,5.872,hunger
221,0,640,6.819,hunger
222,0,640,6.164,hunger
223,0,640,5.491,hunger
224,0,640,5.478,hunger
225,2,1824,15.411,hunger
226,0,640,5.48,hunger
227,0,640,5.456,hunger
228,0,640,5.456,hunger
229,0,640,5.565,hunger
230,0,640,5.457,hunger
231,1,661,5.66,hunger
232,0,640,5.381,hunger
233,0,640,5.419,hunger
234,0,640,5.426,hunger
235,0,640,5.354,hunger
236,1,1248,10.511,hunger
237,0,640,5.353,hunger
238,4,1251,10.473,hunger
239,0,640,5.36,hunger
240,1,920,7.708,hunger
241,0,640,5.373,hunger
242,5,1562,13.094,hunger
243,0,640,5.362,hunger
244,0,640,5.463,hunger
245,0,640,5.377,hunger
246,0,640,5.38,hunger
247,0,640,5.387,hunger
248,0,640,5.348,hunger
249,0,640,5.671,hunger
250,0,640,5.34,hunger
251,0,640,5.354,hunger
252,0,640,5.364,hunger
253,2,775,6.535,hunger
254,0,640,5.371,hunger
255,0,640,5.523,hunger
256,0,640,5.407,hunger
257,0,640,5.787,hunger
258,12,2671,22.581,hunger
259,0,640,5.408,hunger
260,0,640,5.39,hunger
261,0,640,5.407,hunger
262,0,640,5.426,hunger
263,1,646,5.446,hunger
264,22,3264,27.754,self
265,19,1822,16.033,self
266,0,640,5.606,hunger
267,1,659,5.657,hunger
268,31,4296,36.864,self
269,1,661,5.641,hunger
270,0,640,5.473,hunger
271,0,640,5.447,hunger
272,2,923,7.973,hunger
273,0,640,5.585,hunger
274,4,1806,15.412,hunger
275,0,640,5.533,hunger
276,0,640,5.464,hunger
277,1,1090,9.327,hunger
278,5,1110,9.443,hunger
279,0,640,5.466,hunger
280,0,640,5.429,hunger
281,0,640,5.459,hunger
282,0,640,5.422,hunger
283,1,1068,9.112,hunger
284,0,640,5.504,hunger
285,0,640,5.456,hunger
286,0,640,5.599,hunger
287,0,640,5.505,hunger
288,0,640,5.487,hunger
289,3,697,5.946,hunger
290,0,640,5.479,hunger
291,0,640,5.47,hunger
292,0,640,5.454,hunger
293,39,3910,33.333,self
294,0,640,5.432,hunger
295,0,640,5.44,hunger
296,0,640,5.475,hunger
297,1,649,6.749,hunger
298,2,669,6.051,hunger
299,0,640,5.32,hunger
300,0,640,5.318,hunger
301,0,640,6.342,hunger
302,0,640,6.995,hunger
303,6,1391,11.684,hunger
304,0,640,5.464,hunger
305,0,640,6.83,hunger
306,0,640,5.504,hunger
307,0,640,5.605,hunger
308,0,640,5.611,hunger
309,0,640,5.34,hunger
310,0,640,5.34,hunger
311,4,1042,8.673,hunger
312,0,640,5.321,hunger
313,0,640,5.315,hunger
314,0,640,5.322,hunger
315,0,640,5.364,hunger
316,0,640,5.346,hunger
317,1,673,5.591,hunger
318,0,640,5.324,hunger
319,0,640,5.394,hunger
320,0,640,7.946,hunger
321,1,1217,12.377,hunger
322,0,640,5.338,hunger
323,0,640,5.34,hunger
324,0,640,5.409,hunger
325,3,731,6.699,hunger
326,0,640,5.344,hunger
327,1,651,5.428,hunger
328,0,640,5.345,hunger
329,0,640,5.649,hunger
330,2,670,5.576,hunger
331,0,640,5.394,hunger
332,0,640,5.312,hunger
333,0,640,5.338,hunger
334,0,640,5.359,hunger
335,1,856,7.31,hunger
336,0,640,5.742,hunger
337,0,640,5.407,hunger
338,0,640,5.372,hunger
339,0,640,5.329,hunger
340,2,678,5.729,hunger
341,0,640,5.364,hunger
342,0,640,5.332,hunger
343,1,684,5.662,hunger
344,0,640,5.34,hunger
345,0,640,5.343,hunger
346,0,640,5.331,hunger
347,0,640,5.314,hunger
348,1,911,7.612,hunger
349,0,640,5.389,hunger
350,0,640,5.365,hunger
351,0,640,5.34,hunger
352,0,640,5.317,hunger
353,2,790,6.564,hunger
354,1,1242,10.314,hunger
355,3,690,5.805,hunger
356,0,640,5.341,hunger
357,17,2758,22.984,hunger
358,2,670,5.589,hunger
359,23,4020,33.472,hunger
360,8,2088,17.371,hunger
361,0,640,5.338,hunger
362,0,640,5.34,hunger
363,0,640,5.429,hunger
364,0,640,5.456,hunger
365,0,640,5.433,hunger
366,0,640,5.476,hunger
367,1,749,6.406,hunger
368,0,640,5.457,hunger
369,0,640,5.473,hunger
370,4,1359,11.833,hunger
371,0,640,5.52,hunger
372,0,640,5.535,hunger
373,0,640,5.425,hunger
374,0,640,5.443,hunger
375,0,640,5.459,hunger
376,7,1862,15.873,hunger
377,0,640,5.436,hunger
378,0,640,5.458,hunger
379,4,1497,12.763,hunger
380,0,640,5.461,hunger
381,0,640,5.451,hunger
382,1,655,5.588,hunger
383,2,1698,14.423,hunger
384,2,686,5.813,hunger
385,0,640,5.448,hunger
386,0,640,5.443,hunger
387,1,1090,9.473,hunger
388,0,640,5.445,hunger
389,0,640,5.847,hunger
390,0,640,5.896,hunger
391,0,640,5.439,hunger
392,13,1356,11.503,self
393,0,640,5.456,hunger
394,0,640,5.461,hunger
395,0,640,5.456,hunger
396,8,1310,11.115,hunger
397,0,640,5.463,hunger
398,0,640,5.467,hunger
399,0,640,5.448,hunger
400,0,640,5.508,hunger
401,0,640,5.467,hunger
402,4,983,8.365,hunger
403,0,640,5.484,hunger
404,0,640,5.428,hunger
405,7,1136,9.654,hunger
406,0,640,5.439,hunger
407,0,640,5.457,hunger
408,0,640,5.467,hunger
409,0,640,5.466,hunger
410,0,640,5.454,hunger
411,1,660,5.615,hunger
412,0,640,5.456,hunger
413,0,640,5.448,hunger
414,1,666,5.77,hunger
415,0,640,5.473,hunger
416,0,640,5.448,hunger
417,0,640,5.482,hunger
418,0,640,5.434,hunger
419,0,640,5.451,hunger
420,0,640,5.455,hunger
421,0,640,5.471,hunger
422,3,788,6.697,hunger
423,0,640,5.459,hunger
424,0,640,5.477,hunger
425,0,640,5.422,hunger
426,0,640,5.447,hunger
427,0,640,5.479,hunger
428,1,650,5.54,hunger
429,0,640,5.458,hunger
430,4,2203,18.722,hunger
431,0,640,5.43,hunger
432,2,1057,9.034,hunger
433,2,1595,13.645,hunger
434,1,666,5.653,hunger
435,3,1943,16.544,hunger
436,3,800,6.817,hunger
437,0,640,5.431,hunger
438,0,640,5.452,hunger
439,0,640,5.462,hunger
440,0,640,5.432,hunger
441,0,640,5.44,hunger
442,0,640,5.457,hunger
443,0,640,5.447,hunger
444,0,640,5.435,hunger
445,2,881,7.498,hunger
446,0,640,5.444,hunger
447,0,640,5.45,hunger
448,0,640,5.436,hunger
449,0,640,5.476,hunger
450,0,640,5.46,hunger
451,0,640,5.448,hunger
452,8,2315,19.735,hunger
453,3,1738,14.799,hunger
454,1,911,7.744,hunger
455,0,640,5.467,hunger
456,0,640,5.484,hunger
457,0,640,5.452,hunger
458,0,640,5.44,hunger
459,0,640,5.437,hunger
460,1,660,5.606,hunger
461,29,5471,46.93,hunger
462,0,640,5.704,hunger
463,3,1480,13.041,hunger
464,0,640,5.447,hunger
465,0,640,5.45,hunger
466,4,741,6.33,hunger
467,0,640,5.484,hunger
468,5,1938,16.458,hunger
469,0,640,5.435,hunger
470,0,640,5.43,hunger
471,0,640,5.524,hunger
472,0,640,5.461,hunger
473,0,640,5.422,hunger
474,1,1123,9.83,hunger
475,4,1432,12.209,hunger
476,0,640,5.488,hunger
477,0,640,5.467,hunger
478,0,640,5.413,hunger
479,1,673,5.747,hunger
480,0,640,5.463,hunger
481,0,640,5.444,hunger
482,0,640,5.44,hunger
483,0,640,5.8,hunger
484,0,640,5.462,hunger
485,0,640,5.453,hunger
486,0,640,5.442,hunger
487,3,1101,9.338,hunger
488,0,640,5.436,hunger
489,0,640,5.449,hunger
490,1,1197,10.184,hunger
491,0,640,5.447,hunger
492,0,640,5.54,hunger
493,1,657,5.57,hunger
494,0,640,5.424,hunger
495,2,688,5.869,hunger
496,16,3054,26.214,hunger
497,0,640,5.434,hunger
498,3,865,7.404,hunger
499,0,640,5.503,hunger
500,0,640,5.453,hunger
501,0,640,5.5,hunger
502,19,2024,17.361,self
503,2,765,6.559,hunger
504,0,640,5.544,hunger
505,0,640,5.475,hunger
506,1,649,5.576,hunger
507,0,640,5.521,hunger
508,0,640,5.473,hunger
509,0,640,5.562,hunger
510,0,640,5.458,hunger
511,1,1231,10.589,hunger
512,0,640,5.496,hunger
513,0,640,5.468,hunger
514,0,640,5.488,hunger
515,15,2254,19.3,self
516,0,640,5.465,hunger
517,0,640,5.551,hunger
518,0,640,5.58,hunger
519,2,683,5.825,hunger
520,2,1635,13.999,hunger
521,2,661,5.639,hunger
522,0,640,5.493,hunger
523,0,640,5.486,hunger
524,4,1354,11.548,hunger
525,1,655,5.579,hunger
526,0,640,5.734,hunger
527,2,736,6.325,hunger
528,1,648,5.549,hunger
529,0,640,5.445,hunger
530,0,640,5.459,hunger
531,0,640,5.431,hunger
532,26,3816,32.477,hunger
533,1,662,5.637,hunger
534,1,681,5.861,hunger
535,1,1233,10.69,hunger
536,1,1238,10.531,hunger
537,0,640,5.549,hunger
538,0,640,5.667,hunger
539,0,640,5.452,hunger
540,0,640,5.439,hunger
541,0,640,5.46,hunger
542,0,640,5.465,hunger
543,0,640,5.509,hunger
544,0,640,5.461,hunger
545,0,640,5.45,hunger
546,0,640,5.495,hunger
547,14,2196,18.819,hunger
548,1,648,5.566,hunger
549,0,640,5.474,hunger
550,0,640,5.592,hunger
551,1,671,5.779,hunger
552,0,640,5.479,hunger
553,1,645,5.656,hunger
554,0,640,5.47,hunger
555,0,640,5.497,hunger
556,0,640,5.461,hunger
557,0,640,5.569,hunger
558,1,648,5.513,hunger
559,1,1224,10.433,hunger
560,0,640,5.653,hunger
561,2,687,5.928,hunger
562,0,640,5.485,hunger
563,1,662,5.657,hunger
564,2,1036,8.839,hunger
565,2,1052,9.041,hunger
566,0,640,5.456,hunger
567,0,640,5.425,hunger
568,0,640,5.453,hunger
569,0,640,5.448,hunger
570,0,640,5.478,hunger
571,4,984,8.383,hunger
572,0,640,5.461,hunger
573,0,640,5.488,hunger
574,0,640,5.451,hunger
575,1,1232,10.5,hunger
576,1,1175,10.015,hunger
577,0,640,5.486,hunger
578,20,4378,37.689,hunger
579,0,640,5.613,hunger
580,0,640,5.436,hunger
581,3,1089,9.276,hunger
582,0,640,5.467,hunger
583,0,640,5.503,hunger
584,0,640,5.44,hunger
585,0,640,5.474,hunger
586,8,1744,14.889,hunger
587,13,3659,33.885,hunger
588,2,676,7.94,hunger
589,0,640,6.147,hunger
590,0,640,5.863,hunger
591,0,640,5.739,hunger
592,0,640,5.819,hunger
593,1,646,5.846,hunger
594,11,1883,17.183,hunger
595,0,640,5.966,hunger
596,0,640,5.971,hunger
597,0,640,5.782,hunger
598,0,640,5.856,hunger
599,0,640,5.785,hunger
600,1,1275,11.68,hunger
601,0,640,5.949,hunger
602,4,1886,17.321,hunger
603,0,640,5.829,hunger
604,2,1281,11.805,hunger
605,0,640,5.901,hunger
606,4,1830,15.784,hunger
607,0,640,5.594,hunger
608,0,640,5.678,hunger
609,3,924,7.994,hunger
610,0,640,5.496,hunger
611,0,640,5.546,hunger
612,0,640,5.508,hunger
613,0,640,5.488,hunger
614,3,1512,12.931,hunger
615,0,640,5.473,hunger
616,0,640,5.456,hunger
617,1,643,5.488,hunger
618,0,640,5.489,hunger
619,4,1105,9.467,hunger
620,0,640,5.501,hunger
621,2,711,6.06,hunger
622,0,640,5.777,hunger
623,0,640,5.436,hunger
624,0,640,5.482,hunger
625,10,1202,10.257,self
626,2,1249,11.612,hunger
627,0,640,5.564,hunger
628,0,640,5.46,hunger
629,0,640,5.474,hunger
630,0,640,5.559,hunger
631,0,640,5.495,hunger
632,0,640,5.521,hunger
633,0,640,5.479,hunger
634,0,640,5.461,hunger
635,0,640,5.578,hunger
636,0,640,5.568,hunger
637,2,672,5.756,hunger
638,0,640,5.504,hunger
639,0,640,5.471,hunger
640,0,640,5.46,hunger
641,0,640,5.449,hunger
642,19,3391,29.018,self
643,0,640,5.458,hunger
644,1,745,6.542,hunger
645,0,640,5.451,hunger
646,0,640,5.491,hunger
647,0,640,5.491,hunger
648,20,2804,23.908,hunger
649,0,640,5.542,hunger
650,9,1826,15.79,hunger
651,0,640,5.565,hunger
652,0,640,5.721,hunger
653,3,1103,9.402,hunger
654,35,3603,30.835,self
655,0,640,5.535,hunger
656,0,640,5.486,hunger
657,0,640,5.466,hunger
658,0,640,5.478,hunger
659,0,640,5.476,hunger
660,0,640,5.462,hunger
661,0,640,5.582,hunger
662,1,648,5.554,hunger
663,0,640,5.504,hunger
664,0,640,5.506,hunger
665,0,640,5.689,hunger
666,3,849,7.288,hunger
667,0,640,5.517,hunger
668,0,640,5.612,hunger
669,0,640,5.788,hunger
670,0,640,5.601,hunger
671,0,640,5.458,hunger
672,0,640,7.357,hunger
673,6,874,8.256,hunger
674,12,2767,26.707,hunger
675,38,4669,39.678,hunger
676,0,640,5.355,hunger
677,0,640,5.364,hunger
678,0,640,5.423,hunger
679,0,640,6.376,hunger
680,3,1804,15.04,hunger
681,0,640,5.327,hunger
682,16,3024,25.191,hunger
683,0,640,5.318,hunger
684,0,640,5.376,hunger
685,2,755,7.325,hunger
686,0,640,6.52,hunger
687,0,640,7.353,hunger
688,0,640,5.725,hunger
689,0,640,6.772,hunger
690,0,640,5.38,hunger
691,1,662,6.272,hunger
692,0,640,6.372,hunger
693,0,640,5.329,hunger
694,1,1217,10.245,hunger
695,0,640,6.589,hunger
696,0,640,5.356,hunger
697,0,640,5.934,hunger
698,0,640,5.363,hunger
699,0,640,5.336,hunger
700,0,640,5.328,hunger
701,0,640,5.363,hunger
702,0,640,5.959,hunger
703,0,640,5.336,hunger
704,0,640,5.333,hunger
705,0,640,5.448,hunger
706,0,640,6.683,hunger
707,10,1287,12.244,hunger
708,18,2912,26.408,hunger
709,1,660,5.531,hunger
710,0,640,5.338,hunger
711,2,709,5.976,hunger
712,0,640,5.409,hunger
713,0,640,5.444,hunger
714,0,640,5.399,hunger
715,0,640,5.408,hunger
716,0,640,5.407,hunger
717,0,640,5.447,hunger
718,12,1088,9.311,self
719,13,3354,28.458,hunger
720,0,640,5.448,hunger
721,0,640,5.43,hunger
722,0,640,5.477,hunger
723,0,640,5.541,hunger
724,0,640,5.505,hunger
725,0,640,5.7,hunger
726,1,1181,10.156,hunger
727,0,640,5.379,hunger
728,1,1251,10.602,hunger
729,1,659,5.571,hunger
730,0,640,5.4,hunger
731,4,1001,8.472,hunger
732,0,640,5.686,hunger
733,0,640,5.41,hunger
734,20,4060,34.579,hunger
735,0,640,5.464,hunger
736,0,640,5.506,hunger
737,0,640,5.44,hunger
738,1,652,5.567,hunger
739,0,640,5.5,hunger
740,0,640,5.534,hunger
741,0,640,5.497,hunger
742,3,1354,11.82,hunger
743,7,1499,12.941,hunger
744,0,640,5.509,hunger
745,1,1211,10.372,hunger
746,0,640,5.44,hunger
747,8,1143,9.814,hunger
748,0,640,5.499,hunger
749,0,640,5.474,hunger
750,0,640,5.537,hunger
751,0,640,5.429,hunger
752,0,640,5.412,hunger
753,1,650,6.34,hunger
754,0,640,5.524,hunger
755,0,640,5.474,hunger
756,0,640,5.417,hunger
757,0,640,5.431,hunger
758,0,640,5.622,hunger
759,0,640,5.431,hunger
760,0,640,5.474,hunger
761,5,1312,11.18,hunger
762,1,655,5.57,hunger
763,0,640,5.85,hunger
764,0,640,5.394,hunger
765,1,1274,10.919,hunger
766,0,640,5.648,hunger
767,0,640,5.44,hunger
768,4,1815,15.484,hunger
769,0,640,5.469,hunger
770,0,640,5.405,hunger
771,0,640,5.429,hunger
772,0,640,5.478,hunger
773,0,640,5.449,hunger
774,0,640,5.458,hunger
775,0,640,5.469,hunger
776,0,640,5.399,hunger
777,10,1890,15.962,hunger
778,0,640,5.445,hunger
779,0,640,5.526,hunger
780,0,640,5.445,hunger
781,0,640,5.68,hunger
782,2,1152,10.132,hunger
783,2,974,8.264,hunger
784,0,640,5.433,hunger
785,4,820,6.984,hunger
786,13,1740,14.774,self
787,0,640,5.546,hunger
788,0,640,5.576,hunger
789,1,671,5.796,hunger
790,0,640,5.493,hunger
791,3,1282,10.976,hunger
792,0,640,5.534,hunger
793,5,946,8.031,hunger
794,1,644,5.469,hunger
795,0,640,7.314,hunger
796,14,1427,15.718,self
797,0,640,5.731,hunger
798,0,640,5.481,hunger
799,0,640,6.177,hunger
800,0,640,5.717,hunger
801,0,640,6.11,hunger
802,0,640,5.903,hunger
803,2,1163,11.358,hunger
804,3,1278,16.787,hunger
805,0,640,5.714,hunger
806,1,1252,11.682,hunger
807,0,640,5.812,hunger
808,0,640,6.006,hunger
809,0,640,5.754,hunger
810,31,3016,26.85,self
811,0,640,5.921,hunger
812,0,640,5.759,hunger
813,0,640,6.296,hunger
814,0,640,6.333,hunger
815,0,640,7.584,hunger
816,0,640,6.098,hunger
817,21,2564,24.813,self
818,0,640,6.278,hunger
819,2,970,9.024,hunger
820,0,640,6.811,hunger
821,24,2175,20.067,self
822,0,640,5.45,hunger
823,0,640,5.418,hunger
824,1,1215,10.24,hunger
825,0,640,5.4,hunger
826,0,640,5.349,hunger
827,0,640,5.393,hunger
828,0,640,5.414,hunger
829,0,640,5.351,hunger
830,0,640,5.335,hunger
831,0,640,5.364,hunger
832,0,640,5.38,hunger
833,3,1328,11.053,hunger
834,0,640,5.315,hunger
835,0,640,5.338,hunger
836,0,640,5.332,hunger
837,0,640,5.319,hunger
838,7,2339,20.415,hunger
839,0,640,5.942,hunger
840,9,2095,18.558,hunger
841,0,640,5.573,hunger
842,0,640,5.583,hunger
843,13,4312,37.852,hunger
844,0,640,5.475,hunger
845,0,640,5.553,hunger
846,1,1096,9.384,hunger
847,4,1244,10.749,hunger
848,0,640,5.571,hunger
849,0,640,5.518,hunger
850,0,640,5.479,hunger
851,0,640,5.489,hunger
852,0,640,5.511,hunger
853,0,640,5.478,hunger
854,8,1382,11.909,hunger
855,2,1273,10.873,hunger
856,0,640,5.424,hunger
857,0,640,5.407,hunger
858,0,640,5.448,hunger
859,0,640,5.428,hunger
860,6,1603,13.571,hunger
861,2,1263,10.699,hunger
862,0,640,5.55,hunger
863,0,640,5.548,hunger
864,12,1457,12.427,hunger
865,0,640,5.402,hunger
866,1,681,6.209,hunger
867,0,640,5.445,hunger
868,0,640,5.432,hunger
869,0,640,5.43,hunger
870,0,640,5.419,hunger
871,0,640,5.549,hunger
872,0,640,5.447,hunger
873,0,640,5.516,hunger
874,0,640,5.676,hunger
875,0,640,5.439,hunger
876,0,640,5.382,hunger
877,9,2017,17.214,self
878,0,640,5.527,hunger
879,1,657,6.066,hunger
880,0,640,5.453,hunger
881,0,640,5.959,hunger
882,0,640,5.529,hunger
883,0,640,5.483,hunger
884,0,640,5.486,hunger
885,1,1250,10.804,hunger
886,0,640,5.619,hunger
887,0,640,5.575,hunger
888,0,640,5.477,hunger
889,26,2773,23.748,self
890,3,1202,10.301,hunger
891,2,1277,11.025,hunger
892,0,640,5.554,hunger
893,0,640,5.503,hunger
894,0,640,5.639,hunger
895,0,640,5.556,hunger
896,0,640,5.575,hunger
897,2,1203,10.309,hunger
898,10,1748,15.035,hunger
899,0,640,5.486,hunger
900,0,640,5.519,hunger
901,2,921,7.899,hunger
902,1,1231,10.533,hunger
903,0,640,5.455,hunger
904,0,640,5.509,hunger
905,0,640,5.483,hunger
906,0,640,5.496,hunger
907,0,640,5.515,hunger
908,0,640,5.631,hunger
909,0,640,5.518,hunger
910,0,640,5.5,hunger
911,0,640,5.558,hunger
912,0,640,5.461,hunger
913,1,661,5.664,hunger
914,0,640,5.472,hunger
915,0,640,5.512,hunger
916,3,1950,16.777,hunger
917,0,640,5.482,hunger
918,0,640,5.553,hunger
919,0,640,5.527,hunger
920,0,640,5.491,hunger
921,2,790,6.84,hunger
922,0,640,5.506,hunger
923,1,654,5.833,hunger
924,0,640,5.747,hunger
925,0,640,5.514,hunger
926,4,1162,9.984,hunger
927,0,640,5.469,hunger
928,0,640,5.532,hunger
929,0,640,5.487,hunger
930,2,1301,11.245,hunger
931,0,640,5.46,hunger
932,0,640,5.507,hunger
933,0,640,5.488,hunger
934,0,640,5.467,hunger
935,0,640,5.487,hunger
936,0,640,5.583,hunger
937,0,640,5.504,hunger
938,0,640,5.538,hunger
939,2,1520,13.087,hunger
940,0,640,5.501,hunger
941,0,640,5.485,hunger
942,0,640,5.548,hunger
943,0,640,5.462,hunger
944,0,640,5.479,hunger
945,0,640,5.574,hunger
946,0,640,5.535,hunger
947,0,640,5.482,hunger
948,0,640,5.479,hunger
949,1,1213,10.389,hunger
950,0,640,5.489,hunger
951,1,661,5.669,hunger
952,0,640,5.499,hunger
953,0,640,5.458,hunger
954,0,640,5.477,hunger
955,0,640,5.491,hunger
956,0,640,5.469,hunger
957,0,640,5.47,hunger
958,0,640,5.575,hunger
959,0,640,5.511,hunger
960,0,640,5.476,hunger
961,0,640,5.512,hunger
962,1,649,5.693,hunger
963,0,640,5.492,hunger
964,0,640,5.464,hunger
965,28,3796,37.789,self
966,0,640,5.602,hunger
967,0,640,5.463,hunger
968,0,640,5.403,hunger
969,1,666,5.663,hunger
970,0,640,5.393,hunger
971,0,640,5.436,hunger
972,0,640,5.422,hunger
973,0,640,5.464,hunger
974,0,640,5.424,hunger
975,20,1711,15.121,self
976,3,1413,12.017,hunger
977,0,640,5.468,hunger
978,2,668,5.877,hunger
979,0,640,5.608,hunger
980,0,640,5.452,hunger
981,0,640,5.529,hunger
982,0,640,5.349,hunger
983,0,640,5.462,hunger
984,0,640,5.437,hunger
985,0,640,5.441,hunger
986,5,1143,9.724,hunger
987,0,640,5.532,hunger
988,4,1610,14.02,hunger
989,0,640,5.431,hunger
990,0,640,5.417,hunger
991,4,1222,10.35,hunger
992,0,640,5.362,hunger
993,0,640,5.455,hunger
994,0,640,5.416,hunger
995,0,640,5.401,hunger
996,0,640,5.394,hunger
997,0,640,5.763,hunger
998,0,640,5.412,hunger
999,4,1273,10.773,hunger
1000,1,655,5.528,hunger
1001,0,640,5.382,hunger
1002,0,640,5.371,hunger
1003,0,640,5.367,hunger
1004,3,1497,12.752,hunger
1005,0,640,5.363,hunger
1006,0,640,5.973,hunger
1007,0,640,5.47,hunger
1008,0,640,5.407,hunger
1009,5,768,6.628,hunger
1010,0,640,5.535,hunger
1011,0,640,5.447,hunger
1012,0,640,5.486,hunger
1013,0,640,5.49,hunger
1014,0,640,5.538,hunger
1015,0,640,5.519,hunger
1016,0,640,5.524,hunger
1017,0,640,5.459,hunger
1018,0,640,5.509,hunger
1019,0,640,5.448,hunger
1020,0,640,5.456,hunger
1021,1,1233,10.566,hunger
1022,0,640,5.481,hunger
1023,1,652,5.585,hunger
1024,0,640,5.467,hunger
1025,0,640,5.486,hunger
1026,1,1227,10.601,hunger
1027,0,640,5.492,hunger
1028,0,640,5.491,hunger
1029,0,640,5.496,hunger
1030,0,640,5.501,hunger
1031,0,640,5.431,hunger
1032,2,706,5.987,hunger
1033,0,640,5.429,hunger
1034,0,640,5.439,hunger
1035,19,2314,19.695,self
1036,0,640,5.48,hunger
1037,0,640,5.471,hunger
1038,0,640,5.426,hunger
1039,0,640,5.486,hunger
1040,0,640,5.463,hunger
1041,0,640,5.452,hunger
1042,0,640,5.437,hunger
1043,0,640,5.469,hunger
1044,0,640,5.465,hunger
1045,1,652,5.576,hunger
1046,0,640,5.53,hunger
1047,0,640,5.418,hunger
1048,0,640,5.457,hunger
1049,0,640,5.446,hunger
1050,0,640,5.466,hunger
1051,0,640,5.48,hunger
1052,0,640,5.446,hunger
1053,3,1313,11.182,hunger
1054,0,640,5.46,hunger
1055,1,670,5.717,hunger
1056,0,640,5.442,hunger
1057,0,640,5.457,hunger
1058,17,1385,11.807,wall
1059,0,640,5.459,hunger
1060,4,1793,15.311,hunger
1061,2,1350,11.486,hunger
1062,0,640,5.439,hunger
1063,1,652,5.597,hunger
1064,0,640,5.458,hunger
1065,0,640,5.458,hunger
1066,0,640,5.492,hunger
1067,0,640,5.442,hunger
1068,0,640,5.449,hunger
1069,0,640,5.461,hunger
1070,0,640,5.475,hunger
1071,0,640,5.444,hunger
1072,1,1227,10.481,hunger
1073,0,640,5.465,hunger
1074,0,640,5.424,hunger
1075,0,640,5.445,hunger
1076,0,640,5.797,hunger
1077,0,640,5.989,hunger
1078,0,640,5.931,hunger
1079,0,640,6.841,hunger
1080,12,3109,28.997,hunger
1081,0,640,5.676,hunger
1082,0,640,5.702,hunger
1083,0,640,5.952,hunger
1084,0,640,5.838,hunger
1085,0,640,5.753,hunger
1086,0,640,5.851,hunger
1087,0,640,5.719,hunger
1088,5,984,8.933,hunger
1089,7,552,5.086,self
1090,0,640,5.763,hunger
1091,1,1224,11.241,hunger
1092,0,640,5.818,hunger
1093,8,929,8.387,hunger
1094,0,640,5.721,hunger
1095,0,640,5.749,hunger
1096,0,640,5.789,hunger
1097,0,640,5.85,hunger
1098,7,1580,13.564,hunger
1099,0,640,5.486,hunger
1100,0,640,5.427,hunger
1101,0,640,5.464,hunger
1102,0,640,5.439,hunger
1103,0,640,5.433,hunger
1104,0,640,5.449,hunger
1105,4,1822,15.488,hunger
1106,32,4718,40.072,self
1107,1,1233,10.491,hunger
1108,0,640,5.443,hunger
1109,0,640,5.457,hunger
1110,0,640,5.41,hunger
1111,0,640,5.404,hunger
1112,0,640,5.441,hunger
1113,2,1143,9.791,hunger
1114,0,640,5.448,hunger
1115,4,748,6.386,hunger
1116,0,640,5.441,hunger
1117,0,640,5.46,hunger
1118,8,1648,13.985,hunger
1119,1,1270,10.804,hunger
1120,0,640,5.418,hunger
1121,0,640,5.448,hunger
1122,0,640,5.426,hunger
1123,0,640,5.433,hunger
1124,0,640,5.458,hunger
1125,0,640,5.446,hunger
1126,3,1302,11.107,hunger
1127,3,674,5.717,hunger
1128,0,640,5.456,hunger
1129,0,640,5.465,hunger
1130,0,640,5.44,hunger
1131,0,640,5.451,hunger
1132,0,640,5.459,hunger
1133,0,640,5.44,hunger
1134,18,3676,31.248,self
1135,0,640,5.593,hunger
1136,0,640,5.706,hunger
1137,0,640,5.507,hunger
1138,0,640,5.435,hunger
1139,10,1865,15.828,hunger
1140,0,640,5.429,hunger
1141,0,640,5.443,hunger
1142,0,640,5.433,hunger
1143,4,1618,13.749,hunger
1144,1,650,5.519,hunger
1145,0,640,5.408,hunger
1146,0,640,5.445,hunger
1147,0,640,5.449,hunger
1148,0,640,5.425,hunger
1149,0,640,5.453,hunger
1150,0,640,5.463,hunger
1151,0,640,5.465,hunger
1152,0,640,5.474,hunger
1153,0,640,5.428,hunger
1154,3,910,7.733,hunger
1155,0,640,5.431,hunger
1156,5,1448,12.32,hunger
1157,0,640,5.475,hunger
1158,0,640,5.66,hunger
1159,0,640,6.806,hunger
1160,2,689,6.509,hunger
1161,31,4054,34.496,self
1162,0,640,5.466,hunger
1163,0,640,5.433,hunger
1164,2,1504,12.948,hunger
1165,1,1232,10.507,hunger
1166,0,640,5.437,hunger
1167,1,665,5.658,hunger
1168,0,640,5.437,hunger
1169,0,640,5.454,hunger
1170,0,640,5.44,hunger
1171,5,785,6.683,hunger
1172,0,640,5.474,hunger
1173,0,640,5.526,hunger
1174,2,951,8.199,hunger
1175,0,640,5.476,hunger
1176,1,654,5.556,hunger
1177,2,1360,11.558,hunger
1178,2,1272,11.059,hunger
1179,0,640,5.454,hunger
1180,0,640,5.474,hunger
1181,0,640,5.464,hunger
1182,0,640,5.449,hunger
1183,2,685,5.825,hunger
1184,8,1175,10.311,hunger
1185,0,640,5.983,hunger
1186,0,640,5.494,hunger
1187,0,640,5.431,hunger
1188,3,1300,11.111,hunger
1189,1,1211,10.289,hunger
1190,0,640,5.445,hunger
1191,0,640,5.449,hunger
1192,1,1213,10.34,hunger
1193,0,640,5.419,hunger
1194,0,640,5.456,hunger
1195,3,699,5.968,hunger
1196,4,1237,10.535,hunger
1197,0,640,5.454,hunger
1198,0,640,5.46,hunger
1199,3,1819,15.467,hunger
1200,0,640,5.426,hunger
1201,4,1449,12.324,hunger
1202,0,640,5.434,hunger
1203,3,958,8.165,hunger
1204,28,3937,33.499,self
1205,0,640,5.453,hunger
1206,0,640,5.447,hunger
1207,0,640,5.435,hunger
1208,0,640,5.452,hunger
1209,8,2588,22.022,hunger
1210,22,3198,27.189,hunger
1211,0,640,5.433,hunger
1212,2,665,5.622,hunger
1213,0,640,5.437,hunger
1214,0,640,5.44,hunger
1215,0,640,5.435,hunger
1216,0,640,5.439,hunger
1217,0,640,5.437,hunger
1218,0,640,5.461,hunger
1219,0,640,5.446,hunger
1220,0,640,5.431,hunger
1221,0,640,5.439,hunger
1222,0,640,5.452,hunger
1223,0,640,5.453,hunger
1224,0,640,5.449,hunger
1225,0,640,5.422,hunger
1226,0,640,5.469,hunger
1227,1,653,5.551,hunger
1228,0,640,5.457,hunger
1229,0,640,5.465,hunger
1230,0,640,5.447,hunger
1231,0,640,5.43,hunger
1232,0,640,5.474,hunger
1233,0,640,5.422,hunger
1234,0,640,5.463,hunger
1235,0,640,5.429,hunger
1236,0,640,5.458,hunger
1237,0,640,5.448,hunger
1238,4,1073,9.119,hunger
1239,0,640,5.437,hunger
1240,3,1331,11.33,hunger
1241,0,640,5.446,hunger
1242,0,640,5.458,hunger
1243,0,640,5.446,hunger
1244,0,640,5.43,hunger
1245,0,640,5.601,hunger
1246,29,3036,25.783,self
1247,0,640,5.44,hunger
1248,0,640,5.45,hunger
1249,0,640,5.469,hunger
1250,0,640,5.435,hunger
1251,0,640,5.454,hunger
1252,0,640,5.445,hunger
1253,0,640,5.446,hunger
1254,0,640,5.497,hunger
1255,0,640,5.452,hunger
1256,0,640,5.566,hunger
1257,0,640,5.438,hunger
1258,36,5793,49.296,hunger
1259,0,640,5.445,hunger
1260,0,640,5.414,hunger
1261,0,640,5.435,hunger
1262,0,640,5.41,hunger
1263,0,640,5.494,hunger
1264,0,640,5.447,hunger
1265,0,640,5.44,hunger
1266,0,640,5.419,hunger
1267,1,655,5.596,hunger
1268,0,640,5.541,hunger
1269,1,648,5.488,hunger
1270,0,640,5.578,hunger
1271,0,640,5.598,hunger
1272,0,640,5.632,hunger
1273,0,640,5.593,hunger
1274,8,2177,19.225,hunger
1275,2,669,6.02,hunger
1276,0,640,5.723,hunger
1277,14,2368,21.451,hunger
1278,0,640,5.794,hunger
1279,0,640,5.781,hunger
1280,0,640,5.869,hunger
1281,0,640,5.804,hunger
1282,0,640,5.805,hunger
1283,0,640,5.816,hunger
1284,0,640,5.805,hunger
1285,0,640,5.831,hunger
1286,0,640,5.816,hunger
1287,0,640,5.769,hunger
1288,0,640,5.86,hunger
1289,0,640,5.808,hunger
1290,0,640,5.812,hunger
1291,11,1712,15.852,wall
1292,3,1087,9.683,hunger
1293,0,640,5.858,hunger
1294,2,664,6.004,hunger
1295,0,640,5.717,hunger
1296,0,640,5.851,hunger
1297,0,640,5.648,hunger
1298,0,640,5.665,hunger
1299,0,640,5.66,hunger
1300,1,1239,11.348,hunger
1301,1,651,5.916,hunger
1302,0,640,5.814,hunger
1303,3,1372,12.416,hunger
1304,0,640,5.771,hunger
1305,0,640,5.753,hunger
1306,0,640,5.791,hunger
1307,2,1073,9.581,hunger
1308,0,640,5.617,hunger
1309,2,1113,9.886,hunger
1310,2,854,7.718,hunger
1311,0,640,5.772,hunger
1312,0,640,5.702,hunger
1313,0,640,5.795,hunger
1314,0,640,5.801,hunger
1315,0,640,5.805,hunger
1316,0,640,5.776,hunger
1317,0,640,5.789,hunger
1318,0,640,5.802,hunger
1319,0,640,5.79,hunger
1320,0,640,5.81,hunger
1321,1,990,8.997,hunger
1322,0,640,5.81,hunger
1323,5,1570,14.155,hunger
1324,0,640,5.799,hunger
1325,0,640,5.831,hunger
1326,6,974,8.926,hunger
1327,2,1247,11.29,hunger
1328,0,640,5.79,hunger
1329,1,651,5.881,hunger
1330,0,640,5.815,hunger
1331,0,640,5.638,hunger
1332,0,640,5.756,hunger
1333,0,640,5.846,hunger
1334,8,2498,22.753,hunger
1335,0,640,5.72,hunger
1336,1,651,5.917,hunger
1337,0,640,5.8,hunger
1338,0,640,5.796,hunger
1339,0,640,5.772,hunger
1340,0,640,5.809,hunger
1341,1,646,5.881,hunger
1342,0,640,5.799,hunger
1343,0,640,5.834,hunger
1344,4,1036,9.387,hunger
1345,2,1212,11.004,hunger
1346,0,640,5.761,hunger
1347,1,878,7.942,hunger
1348,0,640,5.795,hunger
1349,0,640,5.802,hunger
1350,0,640,5.815,hunger
1351,0,640,5.703,hunger
1352,0,640,5.765,hunger
1353,0,640,5.749,hunger
1354,0,640,5.761,hunger
1355,0,640,5.77,hunger
1356,0,640,5.779,hunger
1357,0,640,5.804,hunger
1358,36,4151,37.687,wall
1359,0,640,5.83,hunger
1360,0,640,5.872,hunger
1361,0,640,5.842,hunger
1362,0,640,5.802,hunger
1363,0,640,5.839,hunger
1364,0,640,5.842,hunger
1365,0,640,5.818,hunger
1366,0,640,5.813,hunger
1367,0,640,5.796,hunger
1368,0,640,5.804,hunger
1369,2,1284,11.65,hunger
1370,0,640,5.899,hunger
1371,0,640,5.781,hunger
1372,0,640,5.813,hunger
1373,0,640,5.844,hunger
1374,2,1255,11.166,hunger
1375,0,640,5.765,hunger
1376,4,1169,10.414,hunger
1377,0,640,5.756,hunger
1378,0,640,5.831,hunger
1379,0,640,5.794,hunger
1380,0,640,5.83,hunger
1381,0,640,5.881,hunger
1382,0,640,5.893,hunger
1383,0,640,5.788,hunger
1384,0,640,5.803,hunger
1385,1,877,7.968,hunger
1386,5,1310,11.934,hunger
1387,0,640,5.81,hunger
1388,0,640,5.841,hunger
1389,5,1088,9.94,hunger
1390,0,640,5.769,hunger
1391,2,931,8.424,hunger
1392,3,883,7.9,hunger
1393,0,640,5.787,hunger
1394,0,640,5.806,hunger
1395,0,640,5.793,hunger
1396,0,640,5.799,hunger
1397,0,640,5.776,hunger
1398,0,640,5.847,hunger
1399,0,640,5.866,hunger
1400,1,1242,11.299,hunger
1401,0,640,5.797,hunger
1402,0,640,5.861,hunger
1403,0,640,5.842,hunger
1404,0,640,5.853,hunger
1405,0,640,5.817,hunger
1406,0,640,5.755,hunger
1407,0,640,5.868,hunger
1408,0,640,5.873,hunger
1409,0,640,5.861,hunger
1410,0,640,5.813,hunger
1411,0,640,5.781,hunger
1412,0,640,5.799,hunger
1413,0,640,5.775,hunger
1414,5,2000,18.113,hunger
1415,0,640,5.804,hunger
1416,2,1275,11.651,hunger
1417,0,640,5.808,hunger
1418,0,640,5.799,hunger
1419,0,640,5.813,hunger
1420,0,640,5.799,hunger
1421,0,640,5.807,hunger
1422,4,894,8.113,hunger
1423,0,640,5.724,hunger
1424,0,640,5.612,hunger
1425,0,640,5.803,hunger
1426,0,640,5.797,hunger
1427,0,640,5.797,hunger
1428,0,640,5.721,hunger
1429,0,640,5.774,hunger
1430,0,640,5.784,hunger
1431,0,640,5.667,hunger
1432,0,640,5.554,hunger
1433,0,640,5.61,hunger
1434,0,640,5.719,hunger
1435,1,1175,10.626,hunger
1436,0,640,5.523,hunger
1437,0,640,5.716,hunger
1438,0,640,5.74,hunger
1439,5,1750,15.862,hunger
1440,0,640,5.823,hunger
1441,0,640,5.772,hunger
1442,0,640,5.838,hunger
1443,4,1148,10.485,hunger
1444,2,1248,11.181,hunger
1445,0,640,5.735,hunger
1446,0,640,5.814,hunger
1447,0,640,5.79,hunger
1448,0,640,5.804,hunger
1449,0,640,5.801,hunger
1450,0,640,5.811,hunger
1451,3,890,8.126,hunger
1452,0,640,5.812,hunger
1453,5,1664,14.968,hunger
1454,0,640,5.808,hunger
1455,0,640,5.774,hunger
1456,0,640,5.838,hunger
1457,0,640,5.824,hunger
1458,0,640,5.811,hunger
1459,0,640,5.835,hunger
1460,0,640,5.832,hunger
1461,10,1813,16.635,self
1462,9,1632,15.358,self
1463,0,640,6.045,hunger
1464,0,640,6.048,hunger
1465,15,3127,29.609,hunger
1466,0,640,6.057,hunger
1467,0,640,6.06,hunger
1468,0,640,6.063,hunger
1469,0,640,6.026,hunger
1470,0,640,6.046,hunger
1471,0,640,6.041,hunger
1472,1,1026,9.688,hunger
1473,0,640,6.035,hunger
1474,0,640,6.05,hunger
1475,0,640,6.065,hunger
1476,1,846,8.011,hunger
1477,1,1278,12.061,hunger
1478,0,640,6.047,hunger
1479,1,667,6.298,hunger
1480,2,1301,12.291,hunger
1481,0,640,6.067,hunger
1482,1,644,6.085,hunger
1483,4,1742,16.486,hunger
1484,1,1278,12.052,hunger
1485,7,2025,19.157,hunger
1486,0,640,6.045,hunger
1487,0,640,6.046,hunger
1488,0,640,6.045,hunger
1489,0,640,6.05,hunger
1490,0,640,6.033,hunger
1491,1,990,9.347,hunger
1492,1,665,6.281,hunger
1493,0,640,6.076,hunger
1494,0,640,6.034,hunger
1495,0,640,6.069,hunger
1496,0,640,6.064,hunger
1497,1,662,6.249,hunger
1498,0,640,6.047,hunger
1499,0,640,6.03,hunger
1500,5,1054,9.964,hunger
1501,0,640,6.074,hunger
1502,0,640,6.017,hunger
1503,9,3583,33.849,hunger
1504,1,1213,11.469,hunger
1505,1,657,6.213,hunger
1506,0,640,6.047,hunger
1507,0,640,6.061,hunger
1508,0,640,6.051,hunger
1509,0,640,6.065,hunger
1510,0,640,6.072,hunger
1511,7,1568,14.825,hunger
1512,0,640,6.056,hunger
1513,0,640,6.074,hunger
1514,0,640,6.046,hunger
1515,0,640,6.052,hunger
1516,0,640,6.057,hunger
1517,1,665,6.275,hunger
1518,0,640,6.018,hunger
1519,0,640,6.041,hunger
1520,0,640,6.061,hunger
1521,0,640,6.035,hunger
1522,0,640,6.052,hunger
1523,0,640,6.072,hunger
1524,0,640,6.044,hunger
1525,0,640,6.058,hunger
1526,11,3602,34.085,hunger
1527,0,640,6.044,hunger
1528,8,1833,17.332,hunger
1529,0,640,6.04,hunger
1530,0,640,6.041,hunger
1531,0,640,6.064,hunger
1532,0,640,6.029,hunger
1533,0,640,6.07,hunger
1534,2,668,6.3,hunger
1535,1,672,6.357,hunger
1536,17,2189,20.713,hunger
1537,3,672,6.356,hunger
1538,0,640,6.044,hunger
1539,4,900,8.481,hunger
1540,0,640,6.045,hunger
1541,0,640,6.029,hunger
1542,0,640,6.005,hunger
1543,0,640,6.0,hunger
1544,0,640,6.027,hunger
1545,0,640,6.067,hunger
1546,0,640,6.039,hunger
1547,0,640,6.057,hunger
1548,1,1206,11.371,hunger
1549,0,640,6.029,hunger
1550,2,962,9.096,hunger
1551,0,640,6.045,hunger
1552,30,3423,32.415,self
1553,0,640,6.028,hunger
1554,4,2059,19.49,hunger
1555,5,1368,12.974,hunger
1556,0,640,6.063,hunger
1557,0,640,6.045,hunger
1558,0,640,6.047,hunger
1559,0,640,6.036,hunger
1560,0,640,6.046,hunger
1561,0,640,6.054,hunger
1562,0,640,6.046,hunger
1563,1,676,6.374,hunger
1564,0,640,6.026,hunger
1565,0,640,6.054,hunger
1566,1,653,6.164,hunger
1567,15,1722,16.287,self
1568,0,640,6.035,hunger
1569,2,795,7.515,hunger
1570,0,640,6.065,hunger
1571,0,640,6.055,hunger
1572,18,3630,34.373,self
1573,0,640,6.072,hunger
1574,1,644,6.11,hunger
1575,0,640,6.061,hunger
1576,0,640,6.036,hunger
1577,0,640,6.055,hunger
1578,0,640,6.047,hunger
1579,0,640,6.043,hunger
1580,0,640,6.065,hunger
1581,9,1598,15.127,hunger
1582,1,651,6.168,hunger
1583,0,640,6.028,hunger
1584,0,640,6.046,hunger
1585,0,640,6.069,hunger
1586,0,640,6.066,hunger
1587,0,640,6.057,hunger
1588,0,640,6.03,hunger
1589,1,651,6.153,hunger
1590,0,640,6.037,hunger
1591,0,640,6.058,hunger
1592,0,640,6.061,hunger
1593,2,688,6.497,hunger
1594,1,653,6.176,hunger
1595,0,640,6.04,hunger
1596,0,640,6.037,hunger
1597,1,651,6.162,hunger
1598,0,640,6.055,hunger
1599,0,640,6.071,hunger
1600,8,1712,16.187,hunger
1601,0,640,6.049,hunger
1602,0,640,6.052,hunger
1603,0,640,6.052,hunger
1604,0,640,6.025,hunger
1605,0,640,6.078,hunger
1606,0,640,6.045,hunger
1607,0,640,6.046,hunger
1608,0,640,6.064,hunger
1609,0,640,6.016,hunger
1610,0,640,6.057,hunger
1611,1,653,6.163,hunger
1612,0,640,6.068,hunger
1613,0,640,6.036,hunger
1614,0,640,6.046,hunger
1615,0,640,6.078,hunger
1616,0,640,6.031,hunger
1617,1,661,6.242,hunger
1618,0,640,6.059,hunger
1619,13,3218,30.464,hunger
1620,0,640,6.045,hunger
1621,0,640,6.051,hunger
1622,0,640,6.059,hunger
1623,1,651,6.149,hunger
1624,0,640,6.047,hunger
1625,2,665,6.273,hunger
1626,3,677,6.395,hunger
1627,0,640,6.068,hunger
1628,2,1062,10.054,hunger
1629,14,2543,24.028,hunger
1630,0,640,6.051,hunger
1631,0,640,6.036,hunger
1632,0,640,6.054,hunger
1633,0,640,6.031,hunger
1634,0,640,6.037,hunger
1635,0,640,6.036,hunger
1636,0,640,6.057,hunger
1637,0,640,6.059,hunger
1638,0,640,6.056,hunger
1639,0,640,6.022,hunger
1640,2,758,7.183,hunger
1641,0,640,6.049,hunger
1642,0,640,6.048,hunger
1643,1,1031,9.765,hunger
1644,1,1203,11.382,hunger
1645,22,4673,44.205,hunger
1646,0,640,6.049,hunger
1647,0,640,6.054,hunger
1648,0,640,6.048,hunger
1649,2,876,8.324,hunger
1650,0,640,6.066,hunger
1651,0,640,6.037,hunger
1652,0,640,6.045,hunger
1653,0,640,6.062,hunger
1654,0,640,6.062,hunger
1655,0,640,6.045,hunger
1656,29,4784,45.301,hunger
1657,0,640,6.07,hunger
1658,0,640,6.06,hunger
1659,0,640,6.036,hunger
1660,0,640,6.048,hunger
1661,0,640,6.073,hunger
1662,0,640,6.044,hunger
1663,2,1478,13.986,hunger
1664,4,1414,13.372,hunger
1665,0,640,6.051,hunger
1666,1,656,6.2,hunger
1667,0,640,6.04,hunger
1668,0,640,6.049,hunger
1669,4,736,6.945,hunger
1670,0,640,6.065,hunger
1671,0,640,6.034,hunger
1672,0,640,6.069,hunger
1673,0,640,6.067,hunger
1674,0,640,6.037,hunger
1675,0,640,6.08,hunger
1676,0,640,6.066,hunger
1677,0,640,6.014,hunger
1678,0,640,6.034,hunger
1679,1,643,6.066,hunger
1680,0,640,6.053,hunger
1681,25,3241,30.595,hunger
1682,8,2601,24.635,hunger
1683,0,640,6.037,hunger
1684,0,640,6.061,hunger
1685,1,1203,11.366,hunger
1686,0,640,6.018,hunger
1687,1,666,6.297,hunger
1688,0,640,6.034,hunger
1689,0,640,6.062,hunger
1690,20,2985,28.26,self
1691,0,640,6.051,hunger
1692,1,655,6.197,hunger
1693,0,640,6.072,hunger
1694,0,640,6.036,hunger
1695,0,640,6.049,hunger
1696,0,640,6.05,hunger
1697,2,673,6.359,hunger
1698,0,640,6.035,hunger
1699,0,640,6.063,hunger
1700,0,640,6.04,hunger
1701,3,1253,11.866,hunger
1702,0,640,6.041,hunger
1703,0,640,6.062,hunger
1704,0,640,6.049,hunger
1705,5,2095,19.834,hunger
1706,0,640,6.053,hunger
1707,0,640,6.042,hunger
1708,0,640,6.067,hunger
1709,1,860,8.123,hunger
1710,16,2034,19.224,self
1711,0,640,6.051,hunger
1712,6,1234,11.661,hunger
1713,7,1817,17.162,hunger
1714,0,640,6.052,hunger
1715,2,1092,10.334,hunger
1716,0,640,6.062,hunger
1717,0,640,6.036,hunger
1718,1,938,8.885,hunger
1719,0,640,6.058,hunger
1720,0,640,6.039,hunger
1721,0,640,6.062,hunger
1722,9,2865,27.064,hunger
1723,4,1749,16.566,hunger
1724,0,640,6.06,hunger
1725,1,653,6.167,hunger
1726,0,640,6.073,hunger
1727,0,640,6.047,hunger
1728,0,640,6.014,hunger
1729,0,640,6.046,hunger
1730,1,662,6.236,hunger
1731,0,640,6.064,hunger
1732,1,1222,11.569,hunger
1733,0,640,6.058,hunger
1734,0,640,6.049,hunger
1735,0,640,6.041,hunger
1736,0,640,6.057,hunger
1737,33,5001,47.318,hunger
1738,0,640,6.047,hunger
1739,0,640,6.033,hunger
1740,0,640,6.064,hunger
1741,0,640,6.056,hunger
1742,0,640,6.052,hunger
1743,0,640,6.055,hunger
1744,2,1279,12.092,hunger
1745,0,640,6.048,hunger
1746,0,640,6.059,hunger
1747,0,640,6.048,hunger
1748,0,640,6.039,hunger
1749,0,640,6.044,hunger
1750,0,640,6.042,hunger
1751,0,640,6.014,hunger
1752,0,640,6.023,hunger
1753,1,1224,11.558,hunger
1754,3,1108,10.48,hunger
1755,0,640,6.066,hunger
1756,0,640,6.055,hunger
1757,0,640,6.032,hunger
1758,0,640,6.036,hunger
1759,0,640,6.052,hunger
1760,0,640,6.071,hunger
1761,0,640,6.043,hunger
1762,0,640,6.057,hunger
1763,0,640,6.036,hunger
1764,0,640,6.058,hunger
1765,0,640,6.055,hunger
1766,0,640,6.064,hunger
1767,8,1645,15.572,hunger
1768,0,640,6.046,hunger
1769,0,640,6.068,hunger
1770,0,640,6.054,hunger
1771,0,640,6.048,hunger
1772,1,652,6.145,hunger
1773,1,1187,11.239,hunger
1774,0,640,6.054,hunger
1775,0,640,6.054,hunger
1776,0,640,6.039,hunger
1777,0,640,6.049,hunger
1778,0,640,6.046,hunger
1779,0,640,6.029,hunger
1780,0,640,6.043,hunger
1781,0,640,6.057,hunger
1782,0,640,6.035,hunger
1783,0,640,6.048,hunger
1784,0,640,6.052,hunger
1785,0,640,6.048,hunger
1786,0,640,6.063,hunger
1787,5,1071,10.122,hunger
1788,0,640,6.054,hunger
1789,0,640,6.044,hunger
1790,1,900,8.513,hunger
1791,0,640,6.054,hunger
1792,1,990,9.328,hunger
1793,0,640,6.049,hunger
1794,0,640,6.045,hunger
1795,0,640,6.032,hunger
1796,1,1264,11.932,hunger
1797,0,640,6.033,hunger
1798,0,640,6.062,hunger
1799,0,640,6.041,hunger
1800,0,640,6.022,hunger
1801,3,1352,12.776,hunger
1802,4,758,7.197,hunger
1803,0,640,6.074,hunger
1804,0,640,6.046,hunger
1805,12,2120,19.999,hunger
1806,0,640,6.046,hunger
1807,0,640,6.045,hunger
1808,0,640,6.019,hunger
1809,8,2269,21.435,hunger
1810,5,1265,11.977,hunger
1811,4,1896,17.977,hunger
1812,2,1685,15.938,hunger
1813,0,640,6.072,hunger
1814,0,640,6.039,hunger
1815,37,4378,41.398,self
1816,0,640,6.043,hunger
1817,0,640,6.041,hunger
1818,14,2826,26.736,hunger
1819,5,1368,12.93,hunger
1820,2,675,6.383,hunger
1821,0,640,6.048,hunger
1822,0,640,6.057,hunger
1823,0,640,6.062,hunger
1824,0,640,6.03,hunger
1825,0,640,6.047,hunger
1826,0,640,6.056,hunger
1827,0,640,6.023,hunger
1828,0,640,6.071,hunger
1829,0,640,6.042,hunger
1830,1,860,8.127,hunger
1831,0,640,6.053,hunger
1832,1,1178,11.138,hunger
1833,3,723,6.878,hunger
1834,0,640,6.05,hunger
1835,0,640,6.031,hunger
1836,0,640,6.059,hunger
1837,0,640,6.049,hunger
1838,0,640,6.039,hunger
1839,0,640,6.046,hunger
1840,0,640,6.036,hunger
1841,1,657,6.217,hunger
1842,0,640,6.047,hunger
1843,0,640,6.043,hunger
1844,1,1238,11.695,hunger
1845,0,640,6.042,hunger
1846,24,3173,30.132,hunger
1847,1,644,6.114,hunger
1848,0,640,6.088,hunger
1849,0,640,6.088,hunger
1850,0,640,6.074,hunger
1851,0,640,6.051,hunger
1852,11,950,9.039,wall
1853,0,640,6.085,hunger
1854,0,640,6.104,hunger
1855,0,640,6.073,hunger
1856,6,1610,15.317,hunger
1857,0,640,6.032,hunger
1858,0,640,6.046,hunger
1859,2,1712,16.333,hunger
1860,0,640,6.067,hunger
1861,10,1697,16.117,hunger
1862,0,640,6.038,hunger
1863,0,640,6.076,hunger
1864,0,640,6.101,hunger
1865,0,640,6.069,hunger
1866,0,640,6.08,hunger
1867,0,640,6.079,hunger
1868,9,2486,23.67,self
1869,1,1068,10.116,hunger
1870,0,640,6.064,hunger
1871,0,640,6.081,hunger
1872,0,640,6.093,hunger
1873,0,640,6.078,hunger
1874,1,660,6.252,hunger
1875,1,651,6.19,hunger
1876,3,682,6.501,hunger
1877,0,640,6.091,hunger
1878,4,1450,13.79,hunger
1879,1,652,6.188,hunger
1880,0,640,6.047,hunger
1881,8,1647,15.681,hunger
1882,0,640,6.017,hunger
1883,0,640,6.053,hunger
1884,2,1509,14.295,hunger
1885,0,640,6.06,hunger
1886,0,640,6.009,hunger
1887,0,640,6.084,hunger
1888,0,640,6.073,hunger
1889,0,640,6.086,hunger
1890,5,2771,26.351,hunger
1891,16,1513,14.332,wall
1892,0,640,6.082,hunger
1893,1,1123,10.602,hunger
1894,0,640,6.079,hunger
1895,0,640,6.069,hunger
1896,0,640,6.083,hunger
1897,7,913,8.691,hunger
1898,0,640,6.102,hunger
1899,2,1146,10.884,hunger
1900,1,745,7.084,hunger
1901,0,640,6.083,hunger
1902,0,640,6.093,hunger
1903,9,1214,11.505,hunger
1904,3,1269,12.078,hunger
1905,2,1331,12.611,hunger
1906,0,640,6.016,hunger
1907,8,2615,24.872,hunger
1908,0,640,6.093,hunger
1909,1,654,6.19,hunger
1910,0,640,6.087,hunger
1911,0,640,6.062,hunger
1912,0,640,6.061,hunger
1913,0,640,6.079,hunger
1914,0,640,6.078,hunger
1915,6,1732,16.448,hunger
1916,0,640,6.088,hunger
1917,0,640,6.045,hunger
1918,0,640,6.08,hunger
1919,0,640,6.054,hunger
1920,0,640,6.072,hunger
1921,0,640,6.05,hunger
1922,2,1136,10.785,hunger
1923,0,640,6.071,hunger
1924,0,640,6.111,hunger
1925,28,3897,37.097,hunger
1926,0,640,6.117,hunger
1927,1,654,6.168,hunger
1928,0,640,6.069,hunger
1929,0,640,6.067,hunger
1930,0,640,6.103,hunger
1931,0,640,6.077,hunger
1932,0,640,6.064,hunger
1933,0,640,6.079,hunger
1934,0,640,6.078,hunger
1935,0,640,6.057,hunger
1936,0,640,6.087,hunger
1937,0,640,6.077,hunger
1938,0,640,6.104,hunger
1939,0,640,6.052,hunger
1940,0,640,6.054,hunger
1941,0,640,6.046,hunger
1942,0,640,6.086,hunger
1943,14,1603,15.255,self
1944,0,640,6.091,hunger
1945,0,640,6.052,hunger
1946,0,640,6.079,hunger
1947,1,1096,10.427,hunger
1948,0,640,6.089,hunger
1949,0,640,6.065,hunger
1950,0,640,6.066,hunger
1951,0,640,6.084,hunger
1952,0,640,6.108,hunger
1953,0,640,6.088,hunger
1954,0,640,6.1,hunger
1955,0,640,6.072,hunger
1956,23,2423,23.059,self
1957,0,640,6.07,hunger
1958,0,640,6.076,hunger
1959,0,640,6.078,hunger
1960,1,681,6.502,hunger
1961,0,640,6.041,hunger
1962,0,640,6.043,hunger
1963,0,640,6.062,hunger
1964,0,640,6.075,hunger
1965,0,640,6.082,hunger
1966,0,640,6.106,hunger
1967,0,640,6.078,hunger
1968,0,640,6.047,hunger
1969,0,640,6.054,hunger
1970,0,640,6.08,hunger
1971,0,640,6.095,hunger
1972,0,640,6.085,hunger
1973,2,649,6.162,hunger
1974,0,640,6.094,hunger
1975,0,640,6.074,hunger
1976,3,1286,12.233,hunger
1977,0,640,6.097,hunger
1978,0,640,6.043,hunger
1979,21,3749,35.627,self
1980,0,640,6.033,hunger
1981,0,640,6.09,hunger
1982,2,1452,13.789,hunger
1983,0,640,6.088,hunger
1984,0,640,6.098,hunger
1985,10,1790,17.025,hunger
1986,7,1530,14.531,hunger
1987,0,640,6.041,hunger
1988,0,640,6.075,hunger
1989,0,640,6.119,hunger
1990,0,640,6.111,hunger
1991,0,640,6.084,hunger
1992,0,640,6.043,hunger
1993,0,640,6.053,hunger
1994,2,1193,11.327,hunger
1995,0,640,6.08,hunger
1996,11,2230,21.207,self
1997,8,1629,15.42,hunger
1998,0,640,6.041,hunger
1999,3,1274,12.082,hunger
2000,0,640,6.062,hunger
